{"out_prncp_inv": 0.18216371428571426, "out_prncp": 0.18217342857142854, "total_rec_prncp": 0.09111911682310947, "last_pymnt_amnt": 0.012824397809318436, "tot_cur_bal": 0.01825904535694721, "recoveries": 0.0, "int_rate": 0.32403886776510354, "total_pymnt": 0.08719915918528463, "total_rec_int": 0.049596851095705635, "funded_amnt_inv": 0.3704257496028571, "total_pymnt_inv": 0.08667971237517338, "inq_last_6mths": 0.0, "sub_grade": 0.7058823529411764, "total_rev_hi_lim": 0.019150633921446936, "revol_bal": 0.011354970973119001, "annual_inc": 0.0067807914628723875, "collections_12_mths_ex_med": 0.0, "delinq_2yrs": 0.0, "dti": 0.4403600900225056, "funded_amnt": 0.3604651162790698, "pub_rec": 0.0, "term": 0.0, "acc_now_delinq": 0.0, "tot_coll_amt": 0.0}